timestamp_utc,branch_id,checkpoint_id,valid_for_claim,source_id,path,exists,needle,needle_found,role
2026-06-30T04:15:42.725164+00:00,MTS_R2FR_Y5_SOLAR_METAL_MIXTURE_EXPANSION_OR_UNIQUE_F2_CLOSURE_3665,3665,False,handoff_3664,D:\Users\ollet\Desktop\Turn an intuitive research programme into a formal field-theoretic framework\Motion-TimeSpace--main\post-checkpoint-work\source-intake\mts_residuals\P8_Y5_R2FR_3664_NEXT_TARGET.csv,True,3665-Y5-R2FR-solar-metal-mixture-expansion-or-unique-F2-closure.md,True,3664 selected this target
2026-06-30T04:15:42.725164+00:00,MTS_R2FR_Y5_SOLAR_METAL_MIXTURE_EXPANSION_OR_UNIQUE_F2_CLOSURE_3665,3665,False,doc_3664,D:\Users\ollet\Desktop\Turn an intuitive research programme into a formal field-theoretic framework\Motion-TimeSpace--main\post-checkpoint-work\3664-Y5-R2FR-unique-F2-parent-proof-or-solar-BsourceEM-first-row.md,True,"B_Sun_EM,HHe_partial = 6.4929539e-05",True,3664 partial solar H/He source row
2026-06-30T04:15:42.725164+00:00,MTS_R2FR_Y5_SOLAR_METAL_MIXTURE_EXPANSION_OR_UNIQUE_F2_CLOSURE_3665,3665,False,uniqueF2_3664,D:\Users\ollet\Desktop\Turn an intuitive research programme into a formal field-theoretic framework\Motion-TimeSpace--main\post-checkpoint-work\source-intake\mts_residuals\P8_Y5_R2FR_3664_UNIQUE_F2_PROOF_ATTEMPT.csv,True,COUNTERTERM_LEGAL_WITH_CURRENT_PARENT_GRAMMAR,True,3664 unique-F2 obstruction
2026-06-30T04:15:42.725164+00:00,MTS_R2FR_Y5_SOLAR_METAL_MIXTURE_EXPANSION_OR_UNIQUE_F2_CLOSURE_3665,3665,False,solar_3664,D:\Users\ollet\Desktop\Turn an intuitive research programme into a formal field-theoretic framework\Motion-TimeSpace--main\post-checkpoint-work\source-intake\mts_residuals\P8_Y5_R2FR_3664_SOLAR_BSOURCEEM_ROWS.csv,True,SOL3664_3_BsourceEM_HHe_partial,True,3664 H/He numeric row reused
2026-06-30T04:15:42.725164+00:00,MTS_R2FR_Y5_SOLAR_METAL_MIXTURE_EXPANSION_OR_UNIQUE_F2_CLOSURE_3665,3665,False,doc_3649,D:\Users\ollet\Desktop\Turn an intuitive research programme into a formal field-theoretic framework\Motion-TimeSpace--main\post-checkpoint-work\3649-Y5-R2FR-EM-Maxwell-same-frame-stress-or-fEM-coefficient-row.md,True,FAIL_CURRENT_CLAIM_COUNTERTERM_LEGAL,True,3649 EM-lock obstruction
2026-06-30T04:15:42.725164+00:00,MTS_R2FR_Y5_SOLAR_METAL_MIXTURE_EXPANSION_OR_UNIQUE_F2_CLOSURE_3665,3665,False,audit_3649,D:\Users\ollet\Desktop\Turn an intuitive research programme into a formal field-theoretic framework\Motion-TimeSpace--main\post-checkpoint-work\source-intake\mts_residuals\P8_Y5_R2FR_3649_EM_LOCK_CLAUSE_AUDIT.csv,True,FAIL_CURRENT_CORPUS_COUNTERTERM_LEGAL,True,3649 EM-lock clause audit
2026-06-30T04:15:42.725164+00:00,MTS_R2FR_Y5_SOLAR_METAL_MIXTURE_EXPANSION_OR_UNIQUE_F2_CLOSURE_3665,3665,False,external_AGSS09_bulk_and_metals,"Asplund, Grevesse, Sauval, Scott 2009 solar composition; bulk X=0.7154,Y=0.2703,Z=0.0142; Table 1 log-epsilon metal basis; https://arxiv.org/abs/0909.0948",True,"X=0.7154,Y=0.2703,Z=0.0142; log epsilon metal values hardcoded from AGSS09 Table 1",True,solar bulk composition and listed metal abundance basis
2026-06-30T04:15:42.725164+00:00,MTS_R2FR_Y5_SOLAR_METAL_MIXTURE_EXPANSION_OR_UNIQUE_F2_CLOSURE_3665,3665,False,external_SEMF_coulomb_term,"semi_empirical_mass_formula_convention; Coulomb term E_C=a_C Z(Z-1) A^(-1/3), a_C=0.711 MeV; https://en.wikipedia.org/wiki/Semi-empirical_mass_formula",True,E_C=a_C Z(Z-1) A^(-1/3),True,Coulomb binding proxy used only as nonclaim source-composition scalar
2026-06-30T04:15:42.725164+00:00,MTS_R2FR_Y5_SOLAR_METAL_MIXTURE_EXPANSION_OR_UNIQUE_F2_CLOSURE_3665,3665,False,external_CIAAW_atomic_weights,CIAAW/IUPAC standard atomic weights used as A_effective proxies; https://www.ciaaw.org/atomic-weights.htm,True,standard atomic weights,True,atomic-weight proxies for A_effective in the metal basis
