branch_id,source_id,source_path,purpose,required_needles,status,issue,valid_for_claim,claim_allowed,generated_utc
MTS_R10_WEP_RAB_FINITE_SOURCE_BRANCH_1428,1946_doc,D:\Users\ollet\Desktop\Turn an intuitive research programme into a formal field-theoretic framework\Motion-TimeSpace--main\post-checkpoint-work\1946-Y5-R2FR-parent-conformal-descent-contract-or-Hessian-slip-kill.md,1947 boundary-kernel isotropy or Cassini slip bound inputs,DTH1946_1_O3_algebraic_lemma;BKR1946_1_nonlocal_kernel_anisotropy;VAL1946_OVERALL,EXISTS_NEEDLES_CONFIRMED,,False,False,2026-06-19T23:28:45.781931+00:00
MTS_R10_WEP_RAB_FINITE_SOURCE_BRANCH_1428,1946_validation,D:\Users\ollet\Desktop\Turn an intuitive research programme into a formal field-theoretic framework\Motion-TimeSpace--main\post-checkpoint-work\source-intake\mts_residuals\P8_Y5_BRR545_1946_VALIDATION.csv,1947 boundary-kernel isotropy or Cassini slip bound inputs,VAL1946_OVERALL;PASS,EXISTS_NEEDLES_CONFIRMED,,False,False,2026-06-19T23:28:45.781931+00:00
MTS_R10_WEP_RAB_FINITE_SOURCE_BRANCH_1428,1946_hessian,D:\Users\ollet\Desktop\Turn an intuitive research programme into a formal field-theoretic framework\Motion-TimeSpace--main\post-checkpoint-work\source-intake\mts_residuals\P8_Y5_PARENT_QLOC_1946_HESSIAN_SLIP_KILL_LEMMA.csv,1947 boundary-kernel isotropy or Cassini slip bound inputs,HSK1946_3_bounded_decay_kill;BOUND_ROUTE_READY_INPUTS_MISSING,EXISTS_NEEDLES_CONFIRMED,,False,False,2026-06-19T23:28:45.781931+00:00
MTS_R10_WEP_RAB_FINITE_SOURCE_BRANCH_1428,1946_boundary,D:\Users\ollet\Desktop\Turn an intuitive research programme into a formal field-theoretic framework\Motion-TimeSpace--main\post-checkpoint-work\source-intake\mts_residuals\P8_Y5_PARENT_QLOC_1946_BOUNDARY_KERNEL_RISK_LEDGER.csv,1947 boundary-kernel isotropy or Cassini slip bound inputs,BKR1946_1_nonlocal_kernel_anisotropy;BKR1946_2_source_worldtube_dyad,EXISTS_NEEDLES_CONFIRMED,,False,False,2026-06-19T23:28:45.781931+00:00
MTS_R10_WEP_RAB_FINITE_SOURCE_BRANCH_1428,1946_next,D:\Users\ollet\Desktop\Turn an intuitive research programme into a formal field-theoretic framework\Motion-TimeSpace--main\post-checkpoint-work\source-intake\mts_residuals\P8_Y5_PARENT_QLOC_1946_NEXT_TARGET.csv,1947 boundary-kernel isotropy or Cassini slip bound inputs,NEXT1946_0_primary;boundary-kernel,EXISTS_NEEDLES_CONFIRMED,,False,False,2026-06-19T23:28:45.781931+00:00
MTS_R10_WEP_RAB_FINITE_SOURCE_BRANCH_1428,1944_derivation,D:\Users\ollet\Desktop\Turn an intuitive research programme into a formal field-theoretic framework\Motion-TimeSpace--main\post-checkpoint-work\source-intake\mts_residuals\P8_Y5_PARENT_QLOC_1944_R11_WEAK_FIELD_POTENTIAL_DERIVATION.csv,1947 boundary-kernel isotropy or Cassini slip bound inputs,WFE1944_5_delta_gamma_source_law;P_TF[R11_ij],EXISTS_NEEDLES_CONFIRMED,,False,False,2026-06-19T23:28:45.781931+00:00
MTS_R10_WEP_RAB_FINITE_SOURCE_BRANCH_1428,1943_runner,D:\Users\ollet\Desktop\Turn an intuitive research programme into a formal field-theoretic framework\Motion-TimeSpace--main\post-checkpoint-work\source-intake\mts_residuals\P8_Y5_PARENT_QLOC_1943_CASSINI_GAMMA_BOUND_RUNNER.csv,1947 boundary-kernel isotropy or Cassini slip bound inputs,RUN1943_0_cassini_schema;2.3e-05,EXISTS_NEEDLES_CONFIRMED,,False,False,2026-06-19T23:28:45.781931+00:00
MTS_R10_WEP_RAB_FINITE_SOURCE_BRANCH_1428,1942_bounds,D:\Users\ollet\Desktop\Turn an intuitive research programme into a formal field-theoretic framework\Motion-TimeSpace--main\post-checkpoint-work\source-intake\mts_residuals\P8_Y5_PARENT_QLOC_1942_SOLAR_SYSTEM_BOUND_LEDGER.csv,1947 boundary-kernel isotropy or Cassini slip bound inputs,BND1942_0_Cassini_gamma;SOURCE_BACKED_NUMERIC_NONCLAIM,EXISTS_NEEDLES_CONFIRMED,,False,False,2026-06-19T23:28:45.781931+00:00
MTS_R10_WEP_RAB_FINITE_SOURCE_BRANCH_1428,1942_web,D:\Users\ollet\Desktop\Turn an intuitive research programme into a formal field-theoretic framework\Motion-TimeSpace--main\post-checkpoint-work\source-intake\mts_residuals\P8_Y5_PARENT_QLOC_1942_WEB_SOURCE_REGISTER.csv,1947 boundary-kernel isotropy or Cassini slip bound inputs,WEB1942_0_CASSINI_GAMMA;nature01997,EXISTS_NEEDLES_CONFIRMED,,False,False,2026-06-19T23:28:45.781931+00:00
