timestamp_utc,branch_id,checkpoint_id,source_id,source_path,exists,needle,needle_found,role,valid_for_claim
2026-06-30T23:00:01+00:00,MTS_R2FR_Y5_CSA3806_PARENT_SIGNATURE_OR_EFFECTIVE_READOUT_CLOSURE_3807,3807,SRC3807_0_3806_CSA,D:\Users\ollet\Desktop\Turn an intuitive research programme into a formal field-theoretic framework\Motion-TimeSpace--main\post-checkpoint-work\3806-Y5-R2FR-qX-coefficient-subquotient-action-clause-or-balpha-tau-normalization.md,true,CSA3806,true,3806 action-level clause and chain-rule zero,false
2026-06-30T23:00:01+00:00,MTS_R2FR_Y5_CSA3806_PARENT_SIGNATURE_OR_EFFECTIVE_READOUT_CLOSURE_3807,3807,SRC3807_1_3805_counterexample,D:\Users\ollet\Desktop\Turn an intuitive research programme into a formal field-theoretic framework\Motion-TimeSpace--main\post-checkpoint-work\3805-Y5-R2FR-no-XQ-visible-coefficient-sequester-theorem-or-component-bound-acquisition.md,true,q_X-basic,true,3805 q_X-basic counterexample,false
2026-06-30T23:00:01+00:00,MTS_R2FR_Y5_CSA3806_PARENT_SIGNATURE_OR_EFFECTIVE_READOUT_CLOSURE_3807,3807,SRC3807_2_1050_product_functor,D:\Users\ollet\Desktop\Turn an intuitive research programme into a formal field-theoretic framework\Motion-TimeSpace--main\post-checkpoint-work\1050-Y5-R10-visible-hidden-product-functor-derivation-or-prior-width-source-pack.md,true,Product functor theorem attempt,true,visible-hidden product functor conditional theorem,false
2026-06-30T23:00:01+00:00,MTS_R2FR_Y5_CSA3806_PARENT_SIGNATURE_OR_EFFECTIVE_READOUT_CLOSURE_3807,3807,SRC3807_3_1057_F2,D:\Users\ollet\Desktop\Turn an intuitive research programme into a formal field-theoretic framework\Motion-TimeSpace--main\post-checkpoint-work\1057-Y5-R10-unique-Maxwell-subblock-no-independent-F2-ban-or-balpha-retention.md,true,lambda_A F_Q^2,true,independent F2 counterterm obstruction,false
2026-06-30T23:00:01+00:00,MTS_R2FR_Y5_CSA3806_PARENT_SIGNATURE_OR_EFFECTIVE_READOUT_CLOSURE_3807,3807,SRC3807_4_1091_no_hom,D:\Users\ollet\Desktop\Turn an intuitive research programme into a formal field-theoretic framework\Motion-TimeSpace--main\post-checkpoint-work\1091-Y5-R10-parent-operator-domain-no-hidden-visible-hom-theorem-or-MOMS-closure.md,true,RADIATIVE_READOUT_CLOSURE_UNSIGNED,true,no-hidden-visible hom theorem and readout obstruction,false
2026-06-30T23:00:01+00:00,MTS_R2FR_Y5_CSA3806_PARENT_SIGNATURE_OR_EFFECTIVE_READOUT_CLOSURE_3807,3807,SRC3807_5_1098_owner_signature,D:\Users\ollet\Desktop\Turn an intuitive research programme into a formal field-theoretic framework\Motion-TimeSpace--main\post-checkpoint-work\1098-Y5-R10-ordinary-constant-owner-action-signature-or-source-backed-coefficient-prior.md,true,OWNER_ACTION_SIGNATURE_NOT_DERIVED,true,ordinary-constant owner action signature failure,false
2026-06-30T23:00:01+00:00,MTS_R2FR_Y5_CSA3806_PARENT_SIGNATURE_OR_EFFECTIVE_READOUT_CLOSURE_3807,3807,SRC3807_6_1049_readout,D:\Users\ollet\Desktop\Turn an intuitive research programme into a formal field-theoretic framework\Motion-TimeSpace--main\post-checkpoint-work\1049-Y5-R10-parent-operator-classification-symmetry-ban-or-residual-coefficient-prior.md,true,radiative_readout_closure,true,operator classification readout closure warning,false
2026-06-30T23:00:01+00:00,MTS_R2FR_Y5_CSA3806_PARENT_SIGNATURE_OR_EFFECTIVE_READOUT_CLOSURE_3807,3807,SRC3807_7_1058_operator_domain,D:\Users\ollet\Desktop\Turn an intuitive research programme into a formal field-theoretic framework\Motion-TimeSpace--main\post-checkpoint-work\1058-Y5-R10-visible-operator-domain-exhaustion-or-alpha-counterterm-prior.md,true,Radiative/readout closure gate,true,visible operator domain exhaustion gate,false
2026-06-30T23:00:01+00:00,MTS_R2FR_Y5_CSA3806_PARENT_SIGNATURE_OR_EFFECTIVE_READOUT_CLOSURE_3807,3807,SRC3807_8_spine_handoff,D:\Users\ollet\Desktop\Turn an intuitive research programme into a formal field-theoretic framework\Motion-TimeSpace--main\post-checkpoint-work\LOCAL_GR_COUPLING_SPINE_CURRENT_STATE.md,true,3807-Y5-R2FR-CSA3806-parent-signature-or-effective-readout-closure-audit.md,true,live spine target,false
